{"global_step": 12103, "_timestamp": 1711560916.0840254, "_runtime": 187.7208023071289, "_step": 1993, "charts/episodic_return": 5.0, "charts/episodic_length": 5.0, "losses/q_loss": 20.999752044677734, "losses/gfn_loss": 4.114092735107988e-05, "losses/logZ": 7.419846057891846, "losses/td_target": 6.82561731338501, "charts/alpha": 0.10000000149011612, "losses/entropy": 2.9963533878326416, "_wandb": {"runtime": 190}}