{"global_step": 10368, "_timestamp": 1711560669.6941857, "_runtime": 147.27783274650574, "_step": 1775, "charts/episodic_return": 10.0, "charts/episodic_length": 10.0, "losses/q_loss": 18.684608459472656, "losses/gfn_loss": 0.17931225895881653, "losses/logZ": 7.39762544631958, "losses/td_target": 6.728384971618652, "charts/alpha": 0.10000000149011612, "losses/entropy": 2.9942760467529297, "_wandb": {"runtime": 148}}