{"global_step": 4557, "_timestamp": 1711559771.297714, "_runtime": 15.761754035949707, "_step": 197, "charts/episodic_return": 25.368480682373047, "charts/episodic_length": 9.0, "_wandb": {"runtime": 16}}