{"global_step": 8239, "_timestamp": 1711559151.2201767, "_runtime": 93.21228861808777, "_step": 1368, "charts/episodic_return": 8.0, "charts/episodic_length": 8.0, "losses/q_loss": 42.30635452270508, "losses/gfn_loss": 1.4530160427093506, "losses/logZ": 11.683135986328125, "losses/td_target": 11.084571838378906, "charts/alpha": 0.28454938530921936, "losses/entropy": 3.0038886070251465, "charts/alpha_loss": 0.7127196788787842, "_wandb": {"runtime": 98}}