{"global_step": 9865, "_timestamp": 1711560338.7846859, "_runtime": 230.3548767566681, "_step": 480, "charts/episodic_return": 5.8545026779174805, "charts/episodic_length": 8.0, "losses/q_loss": 392.26068115234375, "losses/gfn_loss": 4.5795745849609375, "losses/logZ": 54.33565902709961, "losses/td_target": 51.45684814453125, "charts/alpha": 0.16845551133155823, "losses/entropy": 8.966766357421875, "charts/alpha_loss": 1.0054553747177124, "_wandb": {"runtime": 247}}