{"global_step": 6509, "_timestamp": 1711560090.0884924, "_runtime": 65.64029836654663, "_step": 298, "charts/episodic_return": 24.47686767578125, "charts/episodic_length": 27.0, "losses/q_loss": 96.64813232421875, "losses/gfn_loss": 43.77949523925781, "losses/logZ": 48.690452575683594, "losses/td_target": 44.8965950012207, "charts/alpha": 0.521038293838501, "losses/entropy": 8.972583770751953, "charts/alpha_loss": 4.41624116897583, "_wandb": {"runtime": 70}}