{"global_step": 17624, "_timestamp": 1711558961.8000712, "_runtime": 300.75962233543396, "_step": 3074, "charts/episodic_return": 3.0, "charts/episodic_length": 3.0, "losses/q_loss": 10.925206184387207, "losses/gfn_loss": 0.003919349983334541, "losses/logZ": 6.052277565002441, "losses/td_target": 5.855657577514648, "charts/alpha": 0.014893428422510624, "losses/entropy": 2.990920066833496, "charts/alpha_loss": 0.03710978105664253, "_wandb": {"runtime": 303}}