{"global_step": 12322, "_timestamp": 1711558633.7158418, "_runtime": 189.8255536556244, "_step": 2065, "charts/episodic_return": 10.0, "charts/episodic_length": 10.0, "losses/q_loss": 16.572101593017578, "losses/gfn_loss": 0.106186643242836, "losses/logZ": 7.7248053550720215, "losses/td_target": 7.497488021850586, "charts/alpha": 0.0769180878996849, "losses/entropy": 2.995253324508667, "charts/alpha_loss": 0.19198989868164062, "_wandb": {"runtime": 190}}