{"global_step": 88100, "_timestamp": 1711564989.8748336, "_runtime": 2693.4357986450195, "_step": 1981, "charts/episodic_return": 1000.0, "charts/episodic_length": 1000.0, "losses/q_loss": 7.431380271911621, "losses/gfn_loss": 0.0013499443884938955, "losses/logZ": 117.46353912353516, "losses/td_target": 115.78079223632812, "charts/alpha": 0.025237301364541054, "losses/entropy": 0.4672996997833252, "charts/alpha_loss": -0.0008252494735643268, "_wandb": {"runtime": 2723}}